agent_id,full_name,email,phone,office_id,hire_date,commission_rate,status
1,Ibrahim Rizk,ibrahim.rizk0@realestate.eg,+201137580444,20,2020-09-07,0.05,Active
2,Laila Fahmy,laila.fahmy1@realestate.eg,+201249269580,5,2022-08-25,0.01,Active
3,Hoda Fahmy,hoda.fahmy2@realestate.eg,+201224009321,19,2020-04-20,0.04,Active
4,Omar Ali,omar.ali3@realestate.eg,+201271048003,6,2020-08-20,0.05,Inactive
5,Ali Amer,ali.amer4@realestate.eg,+201282748434,2,2023-11-03,0.03,Inactive
6,Hoda Said,hoda.said5@realestate.eg,+201021060631,9,2020-11-05,0.04,Inactive
7,Laila Ghoneim,laila.ghoneim6@realestate.eg,+201295056776,20,2023-08-19,0.02,Active
8,Hoda Hassan,hoda.hassan7@realestate.eg,+201085269134,4,2023-03-20,0.02,Active
9,Aya Soliman,aya.soliman8@realestate.eg,+201134368605,5,2023-09-13,0.02,Active
10,Tarek Nassar,tarek.nassar9@realestate.eg,+201514265359,3,2020-07-20,0.03,Active
11,Sara Soliman,sara.soliman10@realestate.eg,+201011231912,17,2023-07-28,0.04,Active
12,Dina Badawy,dina.badawy11@realestate.eg,+201290236684,4,2021-10-18,0.02,Active
13,Ibrahim Nassar,ibrahim.nassar12@realestate.eg,+201117906551,9,2020-04-27,0.01,Active
14,Mona Ghoneim,mona.ghoneim13@realestate.eg,+201037901771,14,2022-10-09,0.02,Active
15,Ahmed Shalaby,ahmed.shalaby14@realestate.eg,+201048275773,20,2021-05-23,0.05,Active
16,Mariam Hassan,mariam.hassan15@realestate.eg,+201016009236,11,2023-11-04,0.03,Active
17,Nour Abbas,nour.abbas16@realestate.eg,+201080455920,18,2023-03-19,0.02,Active
18,Ali Hassan,ali.hassan17@realestate.eg,+201142432381,6,2021-01-09,0.03,Active
19,Ibrahim Fouad,ibrahim.fouad18@realestate.eg,+201051815291,4,2023-09-01,0.05,Active
20,Nour Ibrahim,nour.ibrahim19@realestate.eg,+201180026266,4,2020-03-21,0.01,Active
21,Ahmed Ghoneim,ahmed.ghoneim20@realestate.eg,+201515371872,5,2020-12-04,0.04,Active
22,Ibrahim Said,ibrahim.said21@realestate.eg,+201514782869,1,2020-07-23,0.05,Active
23,Sara Said,sara.said22@realestate.eg,+201521634077,13,2023-03-25,0.02,Active
24,Mohamed Rizk,mohamed.rizk23@realestate.eg,+201037585979,16,2021-05-28,0.02,Active
25,Hana Ibrahim,hana.ibrahim24@realestate.eg,+201595920239,5,2022-06-28,0.02,Active
26,Laila Ali,laila.ali25@realestate.eg,+201127448102,17,2023-02-25,0.05,Active
27,Youssef Ibrahim,youssef.ibrahim26@realestate.eg,+201281934364,10,2023-08-28,0.02,Active
28,Aya Nassar,aya.nassar27@realestate.eg,+201546077837,8,2021-01-12,0.03,Active
29,Mariam El-Masry,mariam.el-masry28@realestate.eg,+201059888505,13,2020-08-20,0.03,Active
30,Hoda Rizk,hoda.rizk29@realestate.eg,+201532123255,1,2022-05-14,0.03,Active
31,Youssef Rizk,youssef.rizk30@realestate.eg,+201159403283,3,2023-12-22,0.02,Active
32,Ahmed Abbas,ahmed.abbas31@realestate.eg,+201281278487,20,2021-09-23,0.01,Active
33,Laila Emara,laila.emara32@realestate.eg,+201285645573,20,2023-10-01,0.04,Active
34,Ahmed Hassan,ahmed.hassan33@realestate.eg,+201296246253,4,2021-06-13,0.02,Active
35,Nour Shalaby,nour.shalaby34@realestate.eg,+201117698365,7,2023-05-18,0.04,Active
36,Mohamed Said,mohamed.said35@realestate.eg,+201110662509,20,2021-07-20,0.04,Active
37,Tarek Kamel,tarek.kamel36@realestate.eg,+201565663011,20,2021-07-13,0.02,Active
38,Fatima Fahmy,fatima.fahmy37@realestate.eg,+201592410687,15,2021-03-05,0.04,Active
39,Ali Taha,ali.taha38@realestate.eg,+201162339425,15,2021-03-09,0.02,Active
40,Hana Ali,hana.ali39@realestate.eg,+201530998366,1,2023-11-07,0.04,Inactive
41,Aya Said,aya.said40@realestate.eg,+201584743382,11,2022-02-22,0.01,Active
42,Hassan Ibrahim,hassan.ibrahim41@realestate.eg,+201287795667,2,2023-02-21,0.01,Active
43,Laila Mansour,laila.mansour42@realestate.eg,+201577059775,13,2023-03-02,0.05,Active
44,Laila Taha,laila.taha43@realestate.eg,+201597578502,14,2023-11-30,0.03,Active
45,Hana Said,hana.said44@realestate.eg,+201069354252,3,2023-02-06,0.04,Active
46,Khaled Amer,khaled.amer45@realestate.eg,+201166897601,11,2022-07-04,0.03,Active
47,Hana Badawy,hana.badawy46@realestate.eg,+201268488592,20,2020-02-23,0.04,Active
48,Khaled Ibrahim,khaled.ibrahim47@realestate.eg,+201149307410,6,2021-06-02,0.05,Active
49,Dina Ali,dina.ali48@realestate.eg,+201098692236,3,2021-06-01,0.04,Active
50,Sara Amer,sara.amer49@realestate.eg,+201568190874,11,2020-07-29,0.02,Active
51,Ibrahim Abbas,ibrahim.abbas50@realestate.eg,+201147063022,18,2023-03-01,0.04,Active
52,Mohamed Ghoneim,mohamed.ghoneim51@realestate.eg,+201117864092,1,2022-12-06,0.03,Active
53,Ali Mansour,ali.mansour52@realestate.eg,+201281986412,3,2022-12-12,0.02,Active
54,Hassan Taha,hassan.taha53@realestate.eg,+201111468822,13,2020-05-11,0.02,Active
55,Tarek Nassar,tarek.nassar54@realestate.eg,+201072629632,3,2020-03-12,0.03,Active
56,Hana Hassan,hana.hassan55@realestate.eg,+201226257348,7,2020-11-09,0.02,Active
57,Hoda Fouad,hoda.fouad56@realestate.eg,+201159369610,17,2020-04-05,0.02,Active
58,Fatima Shalaby,fatima.shalaby57@realestate.eg,+201187865794,4,2023-06-16,0.04,Active
59,Mariam Fahmy,mariam.fahmy58@realestate.eg,+201526380339,14,2022-11-04,0.04,Active
60,Hoda Fouad,hoda.fouad59@realestate.eg,+201168921631,3,2023-10-08,0.04,Active
61,Fatima Badawy,fatima.badawy60@realestate.eg,+201036115593,9,2022-08-31,0.03,Active
62,Mahmoud Ghoneim,mahmoud.ghoneim61@realestate.eg,+201033345560,17,2023-05-19,0.05,Active
63,Fatima Khaled,fatima.khaled62@realestate.eg,+201253474470,15,2021-07-10,0.05,Active
64,Mahmoud Abbas,mahmoud.abbas63@realestate.eg,+201153556714,15,2022-01-02,0.01,Active
65,Fatima Abbas,fatima.abbas64@realestate.eg,+201289200566,1,2021-02-08,0.03,Active
66,Hoda Kamel,hoda.kamel65@realestate.eg,+201298898117,14,2021-10-22,0.02,Active
67,Youssef Amer,youssef.amer66@realestate.eg,+201176511506,5,2021-03-08,0.03,Inactive
68,Tarek Said,tarek.said67@realestate.eg,+201118514568,4,2022-11-27,0.02,Active
69,Tarek Fouad,tarek.fouad68@realestate.eg,+201538485264,18,2021-07-31,0.01,Active
70,Mona Ghoneim,mona.ghoneim69@realestate.eg,+201114402144,14,2020-12-01,0.04,Inactive
71,Ahmed Nassar,ahmed.nassar70@realestate.eg,+201135037223,14,2021-10-29,0.03,Active
72,Aya Mansour,aya.mansour71@realestate.eg,+201112207244,12,2021-09-29,0.01,Active
73,Youssef Fahmy,youssef.fahmy72@realestate.eg,+201159888303,7,2023-07-30,0.02,Active
74,Dina Badawy,dina.badawy73@realestate.eg,+201567080295,18,2020-05-14,0.04,Inactive
75,Mariam Fouad,mariam.fouad74@realestate.eg,+201552196792,3,2021-02-03,0.02,Active
76,Sara Amer,sara.amer75@realestate.eg,+201529829048,11,2021-05-27,0.02,Active
77,Youssef Abbas,youssef.abbas76@realestate.eg,+201121224861,3,2020-03-18,0.03,Active
78,Nour Badawy,nour.badawy77@realestate.eg,+201079852836,6,2023-08-05,0.02,Active
79,Aya Taha,aya.taha78@realestate.eg,+201115286788,16,2023-01-30,0.04,Active
80,Mahmoud Mansour,mahmoud.mansour79@realestate.eg,+201554858082,8,2020-08-02,0.04,Inactive
81,Omar Abbas,omar.abbas80@realestate.eg,+201216168621,20,2022-03-23,0.05,Active
82,Hassan El-Masry,hassan.el-masry81@realestate.eg,+201198466234,10,2023-10-29,0.04,Active
83,Laila Said,laila.said82@realestate.eg,+201218001889,16,2021-05-11,0.02,Active
84,Aya Fouad,aya.fouad83@realestate.eg,+201057373271,13,2021-09-11,0.04,Active
85,Tarek Fahmy,tarek.fahmy84@realestate.eg,+201279228181,18,2022-01-10,0.01,Active
86,Mona Kamel,mona.kamel85@realestate.eg,+201196488081,17,2021-04-12,0.05,Active
87,Mona Badawy,mona.badawy86@realestate.eg,+201548767909,18,2021-11-05,0.03,Active
88,Khaled Shalaby,khaled.shalaby87@realestate.eg,+201230092701,8,2020-02-01,0.04,Active
89,Dina Hassan,dina.hassan88@realestate.eg,+201029950949,16,2022-05-24,0.01,Active
90,Dina Abbas,dina.abbas89@realestate.eg,+201047997205,8,2021-11-15,0.02,Active
91,Tarek Ghoneim,tarek.ghoneim90@realestate.eg,+201163435100,20,2021-07-18,0.04,Active
92,Sara Kamel,sara.kamel91@realestate.eg,+201526940103,1,2022-07-16,0.01,Active
93,Omar Ghoneim,omar.ghoneim92@realestate.eg,+201141082241,11,2023-03-16,0.03,Active
94,Ahmed Abbas,ahmed.abbas93@realestate.eg,+201059178272,20,2023-12-15,0.02,Active
95,Hassan Fouad,hassan.fouad94@realestate.eg,+201563159992,18,2023-05-13,0.01,Active
96,Hoda Soliman,hoda.soliman95@realestate.eg,+201276604261,20,2020-05-23,0.03,Active
97,Dina El-Masry,dina.el-masry96@realestate.eg,+201140824205,9,2021-05-30,0.04,Active
98,Omar Ibrahim,omar.ibrahim97@realestate.eg,+201118609211,18,2021-02-23,0.01,Active
99,Mona El-Masry,mona.el-masry98@realestate.eg,+201238046416,1,2020-08-24,0.04,Active
100,Ibrahim Mansour,ibrahim.mansour99@realestate.eg,+201186237236,14,2023-05-14,0.02,Active
101,Hoda Badawy,hoda.badawy100@realestate.eg,+201164387302,4,2023-11-05,0.04,Inactive
102,Mohamed Taha,mohamed.taha101@realestate.eg,+201528737518,1,2023-12-22,0.04,Active
103,Ahmed Shalaby,ahmed.shalaby102@realestate.eg,+201112320782,17,2021-10-16,0.04,Active
104,Laila Emara,laila.emara103@realestate.eg,+201586302272,9,2020-02-25,0.05,Active
105,Aya Soliman,aya.soliman104@realestate.eg,+201114761394,6,2020-12-29,0.04,Active
106,Mariam Badawy,mariam.badawy105@realestate.eg,+201268836935,2,2021-07-26,0.04,Inactive
107,Nour El-Masry,nour.el-masry106@realestate.eg,+201538619441,3,2022-11-05,0.03,Active
108,Youssef Fahmy,youssef.fahmy107@realestate.eg,+201048426802,20,2022-08-07,0.04,Active
109,Sara Abbas,sara.abbas108@realestate.eg,+201021062468,11,2020-07-27,0.05,Active
110,Hoda Nassar,hoda.nassar109@realestate.eg,+201085118467,15,2021-09-17,0.04,Active
111,Hana Emara,hana.emara110@realestate.eg,+201032719723,5,2023-10-18,0.03,Active
112,Hoda Abbas,hoda.abbas111@realestate.eg,+201249380028,14,2020-07-07,0.04,Active
113,Ibrahim Fouad,ibrahim.fouad112@realestate.eg,+201254638091,13,2022-05-13,0.04,Active
114,Sara Ibrahim,sara.ibrahim113@realestate.eg,+201233734325,6,2021-05-29,0.02,Active
115,Khaled Soliman,khaled.soliman114@realestate.eg,+201252422197,4,2023-07-01,0.03,Active
116,Ali Badawy,ali.badawy115@realestate.eg,+201027646513,10,2021-09-14,0.01,Active
117,Ahmed Rizk,ahmed.rizk116@realestate.eg,+201520393313,3,2022-04-03,0.02,Active
118,Nour Taha,nour.taha117@realestate.eg,+201087213363,15,2022-12-24,0.04,Active
119,Fatima Ali,fatima.ali118@realestate.eg,+201063874694,13,2020-03-05,0.04,Active
120,Youssef Hassan,youssef.hassan119@realestate.eg,+201216494373,14,2022-09-27,0.03,Active
121,Mona Ibrahim,mona.ibrahim120@realestate.eg,+201262009199,15,2022-12-28,0.03,Active
122,Nour Hassan,nour.hassan121@realestate.eg,+201593340007,11,2021-11-22,0.05,Active
123,Mohamed Fouad,mohamed.fouad122@realestate.eg,+201510821434,17,2023-11-11,0.04,Inactive
124,Mariam Taha,mariam.taha123@realestate.eg,+201072658294,7,2021-06-16,0.02,Active
125,Nour Emara,nour.emara124@realestate.eg,+201123897923,11,2020-10-30,0.04,Active
126,Sara Amer,sara.amer125@realestate.eg,+201157228528,12,2020-04-09,0.03,Active
127,Fatima Ali,fatima.ali126@realestate.eg,+201269120139,8,2021-10-14,0.02,Active
128,Aya Soliman,aya.soliman127@realestate.eg,+201554315463,9,2021-06-20,0.04,Active
129,Sara Khaled,sara.khaled128@realestate.eg,+201033687891,3,2022-08-23,0.02,Active
130,Fatima Rizk,fatima.rizk129@realestate.eg,+201059773628,20,2020-10-14,0.03,Active
131,Ahmed Fouad,ahmed.fouad130@realestate.eg,+201138598259,12,2020-11-18,0.03,Active
132,Laila Emara,laila.emara131@realestate.eg,+201519675570,7,2022-09-12,0.02,Inactive
133,Fatima Khaled,fatima.khaled132@realestate.eg,+201582960195,14,2023-10-18,0.02,Active
134,Omar Abbas,omar.abbas133@realestate.eg,+201266880104,18,2020-01-29,0.04,Active
135,Khaled Said,khaled.said134@realestate.eg,+201030683404,19,2023-07-22,0.03,Active
136,Ali Badawy,ali.badawy135@realestate.eg,+201086106097,5,2020-07-11,0.05,Active
137,Ali El-Masry,ali.el-masry136@realestate.eg,+201090676463,20,2020-12-31,0.04,Active
138,Aya Abbas,aya.abbas137@realestate.eg,+201164244514,14,2020-07-07,0.02,Active
139,Mahmoud Rizk,mahmoud.rizk138@realestate.eg,+201560454424,12,2022-09-23,0.01,Active
140,Youssef El-Masry,youssef.el-masry139@realestate.eg,+201086035764,14,2020-05-02,0.02,Active
141,Laila Kamel,laila.kamel140@realestate.eg,+201534799393,7,2020-07-23,0.04,Active
142,Mona Abbas,mona.abbas141@realestate.eg,+201214303735,8,2021-11-30,0.02,Active
143,Laila Ali,laila.ali142@realestate.eg,+201078709194,18,2023-07-26,0.01,Active
144,Laila Ghoneim,laila.ghoneim143@realestate.eg,+201223776291,2,2020-12-03,0.03,Active
145,Fatima Kamel,fatima.kamel144@realestate.eg,+201121358293,2,2023-11-27,0.02,Active
146,Omar Said,omar.said145@realestate.eg,+201228509843,8,2023-10-07,0.05,Active
147,Omar Abbas,omar.abbas146@realestate.eg,+201170296546,16,2020-01-07,0.02,Active
148,Sara Kamel,sara.kamel147@realestate.eg,+201236234640,6,2022-09-13,0.05,Active
149,Mahmoud Nassar,mahmoud.nassar148@realestate.eg,+201058579697,19,2020-11-10,0.02,Inactive
150,Khaled Ibrahim,khaled.ibrahim149@realestate.eg,+201581508571,4,2021-10-09,0.04,Active
151,Hassan Abbas,hassan.abbas150@realestate.eg,+201527134472,1,2020-06-29,0.04,Active
152,Ibrahim Hassan,ibrahim.hassan151@realestate.eg,+201117078687,13,2021-06-15,0.02,Active
153,Omar Badawy,omar.badawy152@realestate.eg,+201091827434,4,2021-03-07,0.03,Active
154,Aya Kamel,aya.kamel153@realestate.eg,+201015997119,18,2020-05-26,0.03,Active
155,Fatima Abbas,fatima.abbas154@realestate.eg,+201219237686,10,2022-03-04,0.01,Active
156,Laila Hassan,laila.hassan155@realestate.eg,+201293355168,5,2023-03-23,0.01,Active
157,Mohamed Emara,mohamed.emara156@realestate.eg,+201045945560,1,2022-10-24,0.04,Active
158,Ahmed Badawy,ahmed.badawy157@realestate.eg,+201260424451,2,2022-03-01,0.03,Active
159,Nour Abbas,nour.abbas158@realestate.eg,+201159791633,17,2021-01-10,0.02,Active
160,Hassan Rizk,hassan.rizk159@realestate.eg,+201561293545,9,2023-04-04,0.04,Active
161,Aya Ali,aya.ali160@realestate.eg,+201028762605,1,2021-06-09,0.05,Active
162,Nour Soliman,nour.soliman161@realestate.eg,+201163621314,14,2021-08-15,0.05,Active
163,Ahmed Badawy,ahmed.badawy162@realestate.eg,+201584031422,16,2020-07-06,0.02,Active
164,Hassan Said,hassan.said163@realestate.eg,+201041240159,13,2022-02-19,0.04,Active
165,Hassan Taha,hassan.taha164@realestate.eg,+201532251683,20,2020-10-30,0.02,Inactive
166,Ibrahim El-Masry,ibrahim.el-masry165@realestate.eg,+201590127653,4,2020-09-04,0.04,Active
167,Aya Khaled,aya.khaled166@realestate.eg,+201562279938,8,2020-04-16,0.04,Active
168,Ahmed Khaled,ahmed.khaled167@realestate.eg,+201095572013,6,2023-04-02,0.04,Active
169,Mohamed El-Masry,mohamed.el-masry168@realestate.eg,+201232716933,4,2022-03-29,0.01,Inactive
170,Ahmed Ghoneim,ahmed.ghoneim169@realestate.eg,+201238559683,11,2022-12-04,0.04,Active
171,Ali Mansour,ali.mansour170@realestate.eg,+201538830895,9,2022-05-26,0.02,Active
172,Aya Ibrahim,aya.ibrahim171@realestate.eg,+201053446585,19,2022-08-29,0.04,Active
173,Sara Mansour,sara.mansour172@realestate.eg,+201585883983,13,2020-02-06,0.04,Active
174,Mona Amer,mona.amer173@realestate.eg,+201038233335,7,2023-10-02,0.03,Inactive
175,Aya Khaled,aya.khaled174@realestate.eg,+201284964972,6,2023-06-08,0.03,Active
176,Sara Taha,sara.taha175@realestate.eg,+201178997685,18,2023-07-30,0.03,Active
177,Youssef Rizk,youssef.rizk176@realestate.eg,+201177725027,20,2022-06-21,0.02,Active
178,Mahmoud Taha,mahmoud.taha177@realestate.eg,+201255275791,18,2020-05-21,0.02,Active
179,Youssef Emara,youssef.emara178@realestate.eg,+201276480061,6,2021-09-13,0.03,Active
180,Hoda Soliman,hoda.soliman179@realestate.eg,+201567031730,10,2022-07-01,0.02,Inactive
181,Hassan Kamel,hassan.kamel180@realestate.eg,+201590162704,10,2022-06-09,0.01,Active
182,Tarek Kamel,tarek.kamel181@realestate.eg,+201299344985,9,2021-03-14,0.04,Active
183,Ali Nassar,ali.nassar182@realestate.eg,+201056296440,10,2023-10-01,0.03,Active
184,Hana Badawy,hana.badawy183@realestate.eg,+201144026638,11,2022-01-28,0.02,Active
185,Aya Amer,aya.amer184@realestate.eg,+201152211247,19,2020-11-22,0.03,Active
186,Mahmoud Fouad,mahmoud.fouad185@realestate.eg,+201589048666,17,2020-03-22,0.04,Active
187,Khaled Abbas,khaled.abbas186@realestate.eg,+201232776462,18,2020-02-29,0.01,Active
188,Hana Abbas,hana.abbas187@realestate.eg,+201278238142,16,2021-09-07,0.03,Active
189,Omar Fahmy,omar.fahmy188@realestate.eg,+201081668438,1,2021-08-19,0.03,Active
190,Mahmoud Soliman,mahmoud.soliman189@realestate.eg,+201191641172,19,2023-05-11,0.03,Active
191,Aya Nassar,aya.nassar190@realestate.eg,+201254354644,12,2023-09-01,0.04,Active
192,Hassan Badawy,hassan.badawy191@realestate.eg,+201183465129,18,2022-04-06,0.03,Inactive
193,Mona Amer,mona.amer192@realestate.eg,+201183064959,16,2021-03-10,0.01,Active
194,Hoda Fahmy,hoda.fahmy193@realestate.eg,+201027716603,8,2021-07-21,0.05,Active
195,Mohamed El-Masry,mohamed.el-masry194@realestate.eg,+201213704112,4,2020-03-03,0.04,Active
196,Ibrahim Emara,ibrahim.emara195@realestate.eg,+201261425342,12,2023-02-18,0.02,Active
197,Omar Emara,omar.emara196@realestate.eg,+201238191667,10,2021-03-25,0.03,Active
198,Fatima Mansour,fatima.mansour197@realestate.eg,+201196034916,3,2020-10-23,0.01,Active
199,Hoda Hassan,hoda.hassan198@realestate.eg,+201145824398,2,2021-01-21,0.02,Active
200,Hassan Amer,hassan.amer199@realestate.eg,+201059428462,19,2020-01-15,0.04,Active
201,Mona Said,mona.said200@realestate.eg,+201023955845,8,2021-01-26,0.02,Active
202,Mona Badawy,mona.badawy201@realestate.eg,+201188950340,2,2021-08-25,0.02,Active
203,Laila Ibrahim,laila.ibrahim202@realestate.eg,+201073500282,3,2023-07-25,0.03,Active
204,Sara Kamel,sara.kamel203@realestate.eg,+201516508438,18,2021-10-10,0.04,Active
205,Ibrahim Fouad,ibrahim.fouad204@realestate.eg,+201240472820,12,2020-03-19,0.03,Inactive
206,Ahmed Ali,ahmed.ali205@realestate.eg,+201059998623,20,2020-09-05,0.05,Active
207,Laila Taha,laila.taha206@realestate.eg,+201034415362,20,2022-09-10,0.02,Active
208,Ali Badawy,ali.badawy207@realestate.eg,+201026703300,16,2022-02-25,0.02,Active
209,Sara Fahmy,sara.fahmy208@realestate.eg,+201519440343,17,2022-04-26,0.01,Inactive
210,Dina Said,dina.said209@realestate.eg,+201258687500,18,2020-05-17,0.04,Active
211,Tarek Rizk,tarek.rizk210@realestate.eg,+201546176022,10,2020-10-19,0.03,Active
212,Dina Abbas,dina.abbas211@realestate.eg,+201049705342,15,2021-06-17,0.02,Active
213,Hoda Said,hoda.said212@realestate.eg,+201114324429,12,2021-11-02,0.04,Active
214,Aya Ghoneim,aya.ghoneim213@realestate.eg,+201531646033,20,2022-11-06,0.02,Inactive
215,Ali Hassan,ali.hassan214@realestate.eg,+201082262103,1,2023-06-23,0.01,Active
216,Aya Hassan,aya.hassan215@realestate.eg,+201528807354,16,2021-10-24,0.03,Active
217,Hassan Taha,hassan.taha216@realestate.eg,+201149326017,8,2022-02-04,0.02,Active
218,Hana Hassan,hana.hassan217@realestate.eg,+201098555890,18,2020-01-05,0.01,Active
219,Tarek Badawy,tarek.badawy218@realestate.eg,+201084953584,13,2021-11-09,0.03,Active
220,Omar Ghoneim,omar.ghoneim219@realestate.eg,+201518875376,11,2020-12-12,0.03,Active
221,Sara Nassar,sara.nassar220@realestate.eg,+201521644449,11,2020-03-13,0.03,Active
222,Mariam Hassan,mariam.hassan221@realestate.eg,+201194728987,3,2022-11-07,0.03,Active
223,Aya Soliman,aya.soliman222@realestate.eg,+201174516906,16,2020-07-18,0.02,Active
224,Youssef Ibrahim,youssef.ibrahim223@realestate.eg,+201029683470,20,2023-05-03,0.03,Active
225,Khaled Taha,khaled.taha224@realestate.eg,+201214571394,20,2023-06-10,0.04,Active
226,Dina Hassan,dina.hassan225@realestate.eg,+201178120946,20,2020-11-02,0.05,Active
227,Ali Badawy,ali.badawy226@realestate.eg,+201552185150,18,2022-05-12,0.01,Active
228,Fatima Mansour,fatima.mansour227@realestate.eg,+201096044591,20,2020-01-17,0.02,Active
229,Khaled Ali,khaled.ali228@realestate.eg,+201039980310,2,2020-06-20,0.04,Active
230,Ahmed El-Masry,ahmed.el-masry229@realestate.eg,+201014273768,6,2022-09-21,0.02,Active
231,Dina Ghoneim,dina.ghoneim230@realestate.eg,+201026789756,18,2022-04-27,0.02,Active
232,Sara Nassar,sara.nassar231@realestate.eg,+201257956798,6,2021-08-31,0.03,Active
233,Ibrahim Abbas,ibrahim.abbas232@realestate.eg,+201511669278,7,2022-04-02,0.01,Active
234,Mona El-Masry,mona.el-masry233@realestate.eg,+201225667058,16,2020-07-31,0.03,Active
235,Dina Mansour,dina.mansour234@realestate.eg,+201175566077,6,2021-03-04,0.04,Active
236,Fatima Badawy,fatima.badawy235@realestate.eg,+201189923063,6,2023-03-08,0.05,Active
237,Laila Badawy,laila.badawy236@realestate.eg,+201193698697,17,2020-08-01,0.04,Active
238,Nour Nassar,nour.nassar237@realestate.eg,+201122601418,13,2021-03-19,0.02,Active
239,Dina Nassar,dina.nassar238@realestate.eg,+201589949710,13,2023-09-07,0.04,Active
240,Hana Ibrahim,hana.ibrahim239@realestate.eg,+201123980937,12,2021-07-10,0.04,Active
241,Hassan Fouad,hassan.fouad240@realestate.eg,+201112994012,6,2020-10-14,0.03,Active
242,Ahmed Said,ahmed.said241@realestate.eg,+201279249992,16,2020-05-15,0.04,Active
243,Ali Badawy,ali.badawy242@realestate.eg,+201041138587,2,2023-10-17,0.02,Active
244,Mona Taha,mona.taha243@realestate.eg,+201052007445,11,2022-05-03,0.04,Active
245,Mariam Ibrahim,mariam.ibrahim244@realestate.eg,+201574468602,13,2022-08-13,0.03,Active
246,Sara Amer,sara.amer245@realestate.eg,+201227325773,1,2020-09-19,0.02,Active
247,Ahmed Soliman,ahmed.soliman246@realestate.eg,+201559377152,2,2020-08-22,0.01,Active
248,Omar Soliman,omar.soliman247@realestate.eg,+201557572261,4,2020-01-24,0.03,Active
249,Youssef Ali,youssef.ali248@realestate.eg,+201149170062,16,2023-11-11,0.03,Active
250,Dina Fahmy,dina.fahmy249@realestate.eg,+201246698722,6,2021-07-21,0.04,Active
251,Mona Said,mona.said250@realestate.eg,+201116136300,20,2022-10-29,0.02,Inactive
252,Hassan Soliman,hassan.soliman251@realestate.eg,+201199110275,13,2021-11-01,0.02,Active
253,Hoda Khaled,hoda.khaled252@realestate.eg,+201155968732,7,2022-05-18,0.05,Active
254,Mahmoud Badawy,mahmoud.badawy253@realestate.eg,+201583754263,5,2023-02-13,0.03,Active
255,Mahmoud Taha,mahmoud.taha254@realestate.eg,+201242830071,3,2020-02-05,0.04,Active
256,Hoda Mansour,hoda.mansour255@realestate.eg,+201072868219,2,2022-09-26,0.02,Active
257,Ibrahim Fahmy,ibrahim.fahmy256@realestate.eg,+201238715735,15,2021-05-16,0.05,Active
258,Sara Ali,sara.ali257@realestate.eg,+201076691001,7,2021-12-11,0.02,Active
259,Laila Ghoneim,laila.ghoneim258@realestate.eg,+201517445468,3,2021-12-02,0.02,Active
260,Sara Rizk,sara.rizk259@realestate.eg,+201092448754,7,2020-09-04,0.05,Active
261,Mona El-Masry,mona.el-masry260@realestate.eg,+201115367645,2,2020-07-27,0.05,Active
262,Mona Fahmy,mona.fahmy261@realestate.eg,+201586252653,10,2023-05-13,0.03,Active
263,Khaled Said,khaled.said262@realestate.eg,+201550613116,8,2023-01-31,0.02,Active
264,Ahmed Soliman,ahmed.soliman263@realestate.eg,+201594763349,14,2023-08-15,0.02,Active
265,Sara Ibrahim,sara.ibrahim264@realestate.eg,+201142364929,15,2020-09-14,0.04,Inactive
266,Hassan Amer,hassan.amer265@realestate.eg,+201129281327,2,2020-12-07,0.04,Active
267,Sara Nassar,sara.nassar266@realestate.eg,+201289454495,13,2022-09-05,0.03,Active
268,Tarek Shalaby,tarek.shalaby267@realestate.eg,+201525440385,7,2023-02-09,0.04,Active
269,Fatima Kamel,fatima.kamel268@realestate.eg,+201061769974,7,2021-09-21,0.04,Active
270,Laila Taha,laila.taha269@realestate.eg,+201213303877,20,2023-04-28,0.05,Active
271,Hassan Said,hassan.said270@realestate.eg,+201150241226,20,2022-07-24,0.05,Active
272,Laila Rizk,laila.rizk271@realestate.eg,+201243551587,11,2020-09-22,0.01,Inactive
273,Hoda Shalaby,hoda.shalaby272@realestate.eg,+201136780591,3,2021-10-04,0.02,Active
274,Hassan Kamel,hassan.kamel273@realestate.eg,+201084588883,14,2021-06-27,0.01,Active
275,Aya El-Masry,aya.el-masry274@realestate.eg,+201179874625,4,2023-02-24,0.02,Active
276,Mariam Fouad,mariam.fouad275@realestate.eg,+201596282313,15,2020-02-11,0.02,Active
277,Ali Badawy,ali.badawy276@realestate.eg,+201044107476,17,2021-12-02,0.04,Active
278,Laila Soliman,laila.soliman277@realestate.eg,+201152849766,17,2023-11-18,0.03,Active
279,Sara Khaled,sara.khaled278@realestate.eg,+201188839266,4,2021-10-01,0.02,Active
280,Nour Said,nour.said279@realestate.eg,+201146923169,5,2020-11-13,0.03,Active
281,Mona Taha,mona.taha280@realestate.eg,+201213419677,9,2020-11-25,0.05,Active
282,Youssef Kamel,youssef.kamel281@realestate.eg,+201231050408,17,2021-03-22,0.03,Inactive
283,Tarek Hassan,tarek.hassan282@realestate.eg,+201513796149,15,2020-03-25,0.03,Active
284,Fatima Mansour,fatima.mansour283@realestate.eg,+201511218006,13,2022-08-06,0.02,Active
285,Khaled Ghoneim,khaled.ghoneim284@realestate.eg,+201249172247,17,2020-10-03,0.02,Active
286,Hassan Fouad,hassan.fouad285@realestate.eg,+201517913500,3,2023-03-18,0.01,Active
287,Sara Shalaby,sara.shalaby286@realestate.eg,+201179486095,14,2023-12-12,0.05,Inactive
288,Aya Emara,aya.emara287@realestate.eg,+201169024770,11,2022-01-25,0.03,Active
289,Mohamed Fouad,mohamed.fouad288@realestate.eg,+201140904658,6,2023-09-06,0.04,Active
290,Ibrahim Shalaby,ibrahim.shalaby289@realestate.eg,+201181327718,2,2021-03-08,0.03,Active
291,Mona Ali,mona.ali290@realestate.eg,+201568121334,20,2020-07-20,0.04,Active
292,Tarek Ibrahim,tarek.ibrahim291@realestate.eg,+201528713952,8,2022-04-25,0.04,Active
293,Mahmoud Ghoneim,mahmoud.ghoneim292@realestate.eg,+201046285059,7,2023-10-09,0.01,Active
294,Youssef Amer,youssef.amer293@realestate.eg,+201213740653,19,2021-01-10,0.03,Active
295,Tarek Ibrahim,tarek.ibrahim294@realestate.eg,+201570959460,11,2022-07-19,0.02,Inactive
296,Laila Taha,laila.taha295@realestate.eg,+201194650993,1,2021-11-15,0.04,Active
297,Dina Fahmy,dina.fahmy296@realestate.eg,+201255835693,10,2020-12-26,0.02,Active
298,Hana Fahmy,hana.fahmy297@realestate.eg,+201147917388,11,2022-08-08,0.04,Active
299,Fatima Nassar,fatima.nassar298@realestate.eg,+201113077413,19,2022-02-07,0.03,Active
300,Aya Ibrahim,aya.ibrahim299@realestate.eg,+201022478015,20,2023-01-22,0.04,Active
301,Youssef Nassar,youssef.nassar300@realestate.eg,+201518892087,5,2021-10-09,0.01,Active
302,Dina Fouad,dina.fouad301@realestate.eg,+201016173795,16,2021-10-26,0.05,Active
303,Mona Khaled,mona.khaled302@realestate.eg,+201255169933,18,2023-11-04,0.05,Active
304,Nour Rizk,nour.rizk303@realestate.eg,+201098895773,17,2021-06-17,0.01,Active
305,Youssef Taha,youssef.taha304@realestate.eg,+201098360569,2,2022-04-02,0.03,Active
306,Hoda Ghoneim,hoda.ghoneim305@realestate.eg,+201036820199,6,2023-01-29,0.04,Active
307,Dina Hassan,dina.hassan306@realestate.eg,+201551577248,19,2023-06-18,0.01,Active
308,Hana Rizk,hana.rizk307@realestate.eg,+201236859974,11,2022-04-12,0.03,Active
309,Mahmoud Ibrahim,mahmoud.ibrahim308@realestate.eg,+201257383458,13,2023-11-11,0.05,Active
310,Tarek Taha,tarek.taha309@realestate.eg,+201127194772,14,2023-02-02,0.02,Active
311,Omar Badawy,omar.badawy310@realestate.eg,+201036933422,10,2022-08-06,0.03,Active
312,Hassan Abbas,hassan.abbas311@realestate.eg,+201220178797,15,2022-11-10,0.02,Active
313,Mona Emara,mona.emara312@realestate.eg,+201083418626,13,2023-12-26,0.04,Active
314,Omar El-Masry,omar.el-masry313@realestate.eg,+201580452665,5,2020-07-21,0.02,Active
315,Ahmed Ali,ahmed.ali314@realestate.eg,+201130275404,10,2022-12-01,0.03,Active
316,Ahmed Taha,ahmed.taha315@realestate.eg,+201263021127,17,2022-05-13,0.03,Active
317,Khaled Hassan,khaled.hassan316@realestate.eg,+201090064743,7,2021-12-12,0.02,Active
318,Mohamed Said,mohamed.said317@realestate.eg,+201194829237,13,2023-04-16,0.02,Active
319,Dina Amer,dina.amer318@realestate.eg,+201131835609,17,2020-10-29,0.02,Active
320,Fatima Abbas,fatima.abbas319@realestate.eg,+201220419004,8,2022-01-14,0.03,Active
321,Omar Kamel,omar.kamel320@realestate.eg,+201039288350,16,2023-09-24,0.01,Active
322,Aya Ibrahim,aya.ibrahim321@realestate.eg,+201175953806,5,2023-05-20,0.03,Active
323,Youssef Kamel,youssef.kamel322@realestate.eg,+201185366491,18,2022-03-14,0.02,Active
324,Mahmoud Ibrahim,mahmoud.ibrahim323@realestate.eg,+201278874841,12,2020-03-31,0.05,Active
325,Mariam Rizk,mariam.rizk324@realestate.eg,+201257004678,16,2023-11-03,0.04,Active
326,Ahmed Badawy,ahmed.badawy325@realestate.eg,+201230158956,15,2022-04-26,0.02,Active
327,Laila Khaled,laila.khaled326@realestate.eg,+201540716861,11,2023-12-29,0.02,Active
328,Omar Ghoneim,omar.ghoneim327@realestate.eg,+201564870451,7,2021-12-09,0.02,Active
329,Khaled Fahmy,khaled.fahmy328@realestate.eg,+201260749757,9,2022-06-20,0.01,Active
330,Tarek Ali,tarek.ali329@realestate.eg,+201254605739,20,2022-09-23,0.03,Active
331,Ibrahim El-Masry,ibrahim.el-masry330@realestate.eg,+201235739497,3,2021-04-07,0.03,Active
332,Hoda Emara,hoda.emara331@realestate.eg,+201215678141,10,2022-07-27,0.02,Active
333,Mohamed Shalaby,mohamed.shalaby332@realestate.eg,+201168284073,17,2023-02-10,0.05,Active
334,Ahmed Ali,ahmed.ali333@realestate.eg,+201172909165,7,2021-05-06,0.04,Active
335,Ahmed Shalaby,ahmed.shalaby334@realestate.eg,+201238458562,13,2021-06-23,0.02,Active
336,Aya Kamel,aya.kamel335@realestate.eg,+201019925587,7,2020-12-23,0.02,Active
337,Nour El-Masry,nour.el-masry336@realestate.eg,+201022530843,1,2023-08-14,0.02,Inactive
338,Aya El-Masry,aya.el-masry337@realestate.eg,+201059126471,16,2022-10-26,0.03,Inactive
339,Hana Taha,hana.taha338@realestate.eg,+201292098284,10,2022-04-03,0.05,Inactive
340,Khaled Taha,khaled.taha339@realestate.eg,+201130380651,5,2020-10-26,0.05,Active
341,Hana El-Masry,hana.el-masry340@realestate.eg,+201031721094,5,2020-12-05,0.03,Active
342,Ahmed Fouad,ahmed.fouad341@realestate.eg,+201525728902,10,2021-12-04,0.01,Active
343,Ali Badawy,ali.badawy342@realestate.eg,+201194614289,6,2021-08-17,0.04,Active
344,Hoda Ali,hoda.ali343@realestate.eg,+201280626867,11,2021-10-10,0.02,Active
345,Tarek Shalaby,tarek.shalaby344@realestate.eg,+201288227702,15,2022-04-20,0.03,Inactive
346,Hoda Fahmy,hoda.fahmy345@realestate.eg,+201169553509,6,2023-07-28,0.02,Active
347,Fatima Soliman,fatima.soliman346@realestate.eg,+201054371183,6,2020-05-06,0.02,Inactive
348,Tarek Shalaby,tarek.shalaby347@realestate.eg,+201179103538,16,2022-09-09,0.03,Active
349,Ahmed Ibrahim,ahmed.ibrahim348@realestate.eg,+201190358077,5,2022-04-21,0.01,Active
350,Sara Soliman,sara.soliman349@realestate.eg,+201073252162,3,2023-07-06,0.01,Active
351,Hoda Rizk,hoda.rizk350@realestate.eg,+201279053894,15,2022-01-15,0.04,Active
352,Khaled Rizk,khaled.rizk351@realestate.eg,+201267917167,15,2020-07-17,0.02,Active
353,Ali Taha,ali.taha352@realestate.eg,+201085579525,19,2021-02-14,0.04,Active
354,Ahmed El-Masry,ahmed.el-masry353@realestate.eg,+201596365738,4,2022-04-24,0.02,Active
355,Mariam Mansour,mariam.mansour354@realestate.eg,+201511550995,11,2022-08-22,0.01,Active
356,Mahmoud Rizk,mahmoud.rizk355@realestate.eg,+201055447008,3,2020-11-03,0.04,Active
357,Aya Said,aya.said356@realestate.eg,+201573040910,4,2023-07-20,0.01,Active
358,Tarek Ali,tarek.ali357@realestate.eg,+201550748648,13,2022-11-12,0.04,Active
359,Mona Ghoneim,mona.ghoneim358@realestate.eg,+201199399176,11,2023-06-06,0.02,Active
360,Aya Kamel,aya.kamel359@realestate.eg,+201184463732,8,2022-01-23,0.04,Active
361,Hana Hassan,hana.hassan360@realestate.eg,+201084270689,20,2020-08-31,0.02,Active
362,Nour Nassar,nour.nassar361@realestate.eg,+201026041015,11,2021-10-10,0.03,Active
363,Mona Ibrahim,mona.ibrahim362@realestate.eg,+201049839490,5,2021-09-30,0.03,Active
364,Hassan Ali,hassan.ali363@realestate.eg,+201541442576,10,2020-07-24,0.04,Inactive
365,Fatima Khaled,fatima.khaled364@realestate.eg,+201029458064,8,2023-01-28,0.03,Active
366,Nour Ghoneim,nour.ghoneim365@realestate.eg,+201026277960,4,2022-12-16,0.04,Active
367,Nour Mansour,nour.mansour366@realestate.eg,+201588747383,16,2022-09-23,0.04,Active
368,Mohamed Soliman,mohamed.soliman367@realestate.eg,+201065355882,13,2023-12-26,0.02,Active
369,Mohamed Fouad,mohamed.fouad368@realestate.eg,+201542176981,13,2020-06-15,0.04,Active
370,Laila El-Masry,laila.el-masry369@realestate.eg,+201562528832,9,2022-01-17,0.04,Active
371,Mahmoud Hassan,mahmoud.hassan370@realestate.eg,+201268352611,11,2021-12-25,0.02,Active
372,Youssef El-Masry,youssef.el-masry371@realestate.eg,+201557530072,18,2023-12-05,0.02,Inactive
373,Aya Badawy,aya.badawy372@realestate.eg,+201520377117,1,2021-08-16,0.02,Active
374,Dina Ibrahim,dina.ibrahim373@realestate.eg,+201532793631,11,2023-05-12,0.04,Active
375,Mariam Amer,mariam.amer374@realestate.eg,+201057438832,10,2021-06-27,0.01,Active
376,Laila Kamel,laila.kamel375@realestate.eg,+201116376566,20,2022-05-28,0.04,Active
377,Khaled El-Masry,khaled.el-masry376@realestate.eg,+201046973485,9,2022-02-13,0.04,Active
378,Sara Said,sara.said377@realestate.eg,+201196033993,7,2020-06-30,0.02,Inactive
379,Aya Ali,aya.ali378@realestate.eg,+201580152760,6,2023-04-28,0.05,Active
380,Youssef Soliman,youssef.soliman379@realestate.eg,+201199656416,16,2020-10-15,0.03,Active
381,Laila Hassan,laila.hassan380@realestate.eg,+201270764794,16,2021-12-09,0.03,Active
382,Mariam Badawy,mariam.badawy381@realestate.eg,+201541714140,3,2023-01-28,0.05,Active
383,Hoda Hassan,hoda.hassan382@realestate.eg,+201146519811,1,2022-02-03,0.01,Active
384,Youssef Abbas,youssef.abbas383@realestate.eg,+201199745770,14,2020-01-28,0.03,Active
385,Hassan Rizk,hassan.rizk384@realestate.eg,+201549646914,14,2021-05-31,0.03,Active
386,Mariam Emara,mariam.emara385@realestate.eg,+201280846767,16,2022-10-21,0.03,Active
387,Ibrahim Taha,ibrahim.taha386@realestate.eg,+201175116468,17,2023-09-04,0.02,Active
388,Tarek Nassar,tarek.nassar387@realestate.eg,+201188681694,8,2023-04-06,0.02,Active
389,Khaled Ibrahim,khaled.ibrahim388@realestate.eg,+201182075560,4,2020-05-25,0.02,Active
390,Laila Taha,laila.taha389@realestate.eg,+201029484507,16,2021-11-30,0.05,Active
391,Laila Hassan,laila.hassan390@realestate.eg,+201062578242,2,2021-04-17,0.02,Active
392,Ibrahim Ali,ibrahim.ali391@realestate.eg,+201240560787,9,2022-12-01,0.03,Active
393,Tarek El-Masry,tarek.el-masry392@realestate.eg,+201010500853,5,2022-01-16,0.03,Active
394,Mona El-Masry,mona.el-masry393@realestate.eg,+201526946482,8,2022-12-21,0.03,Active
395,Khaled Khaled,khaled.khaled394@realestate.eg,+201224068341,10,2023-07-28,0.04,Active
396,Omar Shalaby,omar.shalaby395@realestate.eg,+201281579482,15,2023-01-27,0.03,Active
397,Mona Shalaby,mona.shalaby396@realestate.eg,+201548411309,5,2022-11-07,0.01,Inactive
398,Hoda El-Masry,hoda.el-masry397@realestate.eg,+201159506948,13,2022-09-23,0.03,Active
399,Hoda Fahmy,hoda.fahmy398@realestate.eg,+201244257034,13,2020-01-23,0.02,Active
400,Mahmoud Ghoneim,mahmoud.ghoneim399@realestate.eg,+201146316343,14,2023-11-04,0.03,Active
401,Nour Fouad,nour.fouad400@realestate.eg,+201546375542,15,2021-10-05,0.03,Active
402,Youssef Ghoneim,youssef.ghoneim401@realestate.eg,+201272223783,13,2020-06-13,0.04,Active
403,Tarek Emara,tarek.emara402@realestate.eg,+201594011025,11,2023-06-05,0.02,Active
404,Mohamed Abbas,mohamed.abbas403@realestate.eg,+201576328264,6,2023-08-23,0.03,Inactive
405,Fatima Ibrahim,fatima.ibrahim404@realestate.eg,+201278976444,10,2021-12-29,0.04,Active
406,Nour Kamel,nour.kamel405@realestate.eg,+201590028676,9,2020-11-07,0.05,Active
407,Aya Shalaby,aya.shalaby406@realestate.eg,+201018885440,8,2021-07-04,0.04,Inactive
408,Ali Mansour,ali.mansour407@realestate.eg,+201039258656,7,2020-06-16,0.02,Active
409,Laila Abbas,laila.abbas408@realestate.eg,+201157472244,3,2023-11-02,0.04,Active
410,Khaled Fahmy,khaled.fahmy409@realestate.eg,+201075046728,3,2021-07-19,0.01,Inactive
411,Nour Ghoneim,nour.ghoneim410@realestate.eg,+201014017752,2,2023-06-15,0.02,Active
412,Fatima Ghoneim,fatima.ghoneim411@realestate.eg,+201592033606,11,2023-03-17,0.02,Active
413,Fatima Shalaby,fatima.shalaby412@realestate.eg,+201082424650,7,2021-10-10,0.02,Active
414,Mona Khaled,mona.khaled413@realestate.eg,+201135792411,10,2022-11-11,0.03,Active
415,Ibrahim El-Masry,ibrahim.el-masry414@realestate.eg,+201286495198,15,2021-05-31,0.02,Active
416,Mahmoud Ghoneim,mahmoud.ghoneim415@realestate.eg,+201273311301,1,2020-02-21,0.03,Active
417,Omar Badawy,omar.badawy416@realestate.eg,+201017667889,13,2023-01-13,0.03,Active
418,Ahmed Kamel,ahmed.kamel417@realestate.eg,+201194163149,4,2023-02-06,0.03,Inactive
419,Dina Rizk,dina.rizk418@realestate.eg,+201088422610,7,2020-08-03,0.02,Active
420,Youssef Rizk,youssef.rizk419@realestate.eg,+201170319599,20,2021-12-18,0.05,Inactive
421,Dina Abbas,dina.abbas420@realestate.eg,+201033802581,15,2023-08-02,0.03,Inactive
422,Mahmoud Nassar,mahmoud.nassar421@realestate.eg,+201566828884,8,2021-07-22,0.04,Active
423,Omar Shalaby,omar.shalaby422@realestate.eg,+201130554268,9,2021-02-28,0.03,Active
424,Ali Khaled,ali.khaled423@realestate.eg,+201026249377,8,2020-05-10,0.03,Active
425,Khaled Ali,khaled.ali424@realestate.eg,+201112284480,13,2021-08-18,0.03,Active
426,Mariam Mansour,mariam.mansour425@realestate.eg,+201037420832,12,2022-07-22,0.02,Active
427,Khaled Amer,khaled.amer426@realestate.eg,+201147442850,16,2022-12-13,0.03,Active
428,Fatima Soliman,fatima.soliman427@realestate.eg,+201566785139,8,2020-08-19,0.01,Inactive
429,Hassan Nassar,hassan.nassar428@realestate.eg,+201243819675,3,2021-12-18,0.05,Active
430,Mahmoud Shalaby,mahmoud.shalaby429@realestate.eg,+201598543881,9,2022-07-12,0.02,Active
431,Aya Hassan,aya.hassan430@realestate.eg,+201277106328,19,2022-04-10,0.05,Active
432,Mariam Hassan,mariam.hassan431@realestate.eg,+201537374613,9,2022-05-29,0.02,Active
433,Fatima Ali,fatima.ali432@realestate.eg,+201287919987,10,2021-05-13,0.04,Active
434,Aya Abbas,aya.abbas433@realestate.eg,+201098974335,16,2021-09-27,0.02,Active
435,Hoda Abbas,hoda.abbas434@realestate.eg,+201536060820,14,2020-12-04,0.05,Active
436,Nour Fahmy,nour.fahmy435@realestate.eg,+201529082404,17,2021-07-02,0.03,Active
437,Aya Badawy,aya.badawy436@realestate.eg,+201521081125,2,2020-11-23,0.05,Inactive
438,Hoda Fahmy,hoda.fahmy437@realestate.eg,+201073602993,2,2020-01-11,0.02,Active
439,Hoda Shalaby,hoda.shalaby438@realestate.eg,+201250519163,18,2021-09-18,0.04,Active
440,Ahmed Kamel,ahmed.kamel439@realestate.eg,+201055593095,9,2022-11-16,0.04,Active
441,Hana Khaled,hana.khaled440@realestate.eg,+201046095858,16,2023-09-26,0.01,Active
442,Dina Nassar,dina.nassar441@realestate.eg,+201252148193,20,2022-03-16,0.04,Active
443,Ali Ali,ali.ali442@realestate.eg,+201049580996,11,2022-01-27,0.03,Active
444,Ali Fouad,ali.fouad443@realestate.eg,+201119865490,19,2020-01-15,0.05,Active
445,Hassan Nassar,hassan.nassar444@realestate.eg,+201019529891,8,2023-02-17,0.04,Active
446,Mohamed Said,mohamed.said445@realestate.eg,+201081747562,5,2020-06-18,0.02,Active
447,Laila Said,laila.said446@realestate.eg,+201515652622,3,2021-01-05,0.02,Active
448,Ahmed Fahmy,ahmed.fahmy447@realestate.eg,+201119807526,20,2023-05-27,0.04,Active
449,Hana Amer,hana.amer448@realestate.eg,+201058055478,9,2021-11-25,0.04,Active
450,Laila Fouad,laila.fouad449@realestate.eg,+201597371174,3,2021-08-21,0.05,Active
451,Khaled Taha,khaled.taha450@realestate.eg,+201254969722,13,2021-07-29,0.01,Active
452,Fatima Fahmy,fatima.fahmy451@realestate.eg,+201586445014,10,2020-04-29,0.02,Active
453,Khaled Taha,khaled.taha452@realestate.eg,+201277065095,11,2023-10-15,0.02,Active
454,Fatima Shalaby,fatima.shalaby453@realestate.eg,+201547304840,9,2021-07-17,0.04,Active
455,Khaled Rizk,khaled.rizk454@realestate.eg,+201129154166,1,2020-10-25,0.05,Active
456,Mahmoud Rizk,mahmoud.rizk455@realestate.eg,+201245521294,17,2022-12-06,0.03,Active
457,Tarek Hassan,tarek.hassan456@realestate.eg,+201166539922,16,2022-02-16,0.02,Active
458,Omar Ibrahim,omar.ibrahim457@realestate.eg,+201160273422,16,2021-10-04,0.05,Active
459,Mohamed El-Masry,mohamed.el-masry458@realestate.eg,+201094098608,6,2020-07-22,0.03,Active
460,Dina Soliman,dina.soliman459@realestate.eg,+201581188887,18,2022-10-26,0.02,Active
461,Aya Said,aya.said460@realestate.eg,+201051885920,1,2021-07-16,0.03,Active
462,Hana Mansour,hana.mansour461@realestate.eg,+201092622408,11,2021-04-21,0.02,Active
463,Ali El-Masry,ali.el-masry462@realestate.eg,+201149228104,8,2023-03-25,0.03,Active
464,Nour Hassan,nour.hassan463@realestate.eg,+201540780508,15,2022-03-25,0.03,Active
465,Ibrahim Shalaby,ibrahim.shalaby464@realestate.eg,+201042766480,17,2023-11-18,0.03,Active
466,Hassan Nassar,hassan.nassar465@realestate.eg,+201244341927,12,2021-10-27,0.04,Active
467,Nour Fahmy,nour.fahmy466@realestate.eg,+201162546398,1,2023-06-04,0.03,Active
468,Ali Kamel,ali.kamel467@realestate.eg,+201013064898,6,2022-10-02,0.01,Inactive
469,Hoda Emara,hoda.emara468@realestate.eg,+201058779511,4,2021-11-22,0.02,Active
470,Mohamed Kamel,mohamed.kamel469@realestate.eg,+201173325587,1,2022-01-23,0.03,Active
471,Laila El-Masry,laila.el-masry470@realestate.eg,+201171257724,12,2023-01-09,0.04,Active
472,Sara Amer,sara.amer471@realestate.eg,+201578914522,11,2022-02-21,0.02,Active
473,Mahmoud Rizk,mahmoud.rizk472@realestate.eg,+201514248030,2,2020-05-16,0.03,Active
474,Dina Soliman,dina.soliman473@realestate.eg,+201187211544,13,2022-09-29,0.01,Active
475,Mariam Badawy,mariam.badawy474@realestate.eg,+201142501647,1,2020-06-12,0.05,Active
476,Mona El-Masry,mona.el-masry475@realestate.eg,+201523055245,18,2021-02-09,0.04,Active
477,Dina Rizk,dina.rizk476@realestate.eg,+201569260544,8,2023-06-09,0.05,Active
478,Nour El-Masry,nour.el-masry477@realestate.eg,+201098225959,9,2022-07-16,0.01,Active
479,Khaled Soliman,khaled.soliman478@realestate.eg,+201586400809,10,2020-01-29,0.01,Active
480,Mahmoud Ghoneim,mahmoud.ghoneim479@realestate.eg,+201543681085,20,2023-06-30,0.03,Active
481,Mahmoud Abbas,mahmoud.abbas480@realestate.eg,+201267512029,15,2023-07-12,0.02,Active
482,Khaled Soliman,khaled.soliman481@realestate.eg,+201053666707,18,2023-03-29,0.02,Active
483,Mohamed Rizk,mohamed.rizk482@realestate.eg,+201019681567,8,2020-11-16,0.03,Active
484,Sara El-Masry,sara.el-masry483@realestate.eg,+201546866818,12,2020-12-31,0.03,Active
485,Ali Ali,ali.ali484@realestate.eg,+201296847874,14,2021-09-18,0.01,Active
486,Hana Mansour,hana.mansour485@realestate.eg,+201582613794,2,2020-10-08,0.03,Active
487,Ali Emara,ali.emara486@realestate.eg,+201163173744,2,2021-10-09,0.02,Active
488,Hana Hassan,hana.hassan487@realestate.eg,+201175795197,12,2023-02-27,0.04,Active
489,Sara Badawy,sara.badawy488@realestate.eg,+201278540967,12,2023-03-03,0.03,Active
490,Sara Said,sara.said489@realestate.eg,+201063510747,7,2022-02-22,0.02,Active
491,Tarek Ibrahim,tarek.ibrahim490@realestate.eg,+201157834310,16,2021-02-27,0.02,Active
492,Ibrahim Abbas,ibrahim.abbas491@realestate.eg,+201570743937,9,2023-06-22,0.04,Active
493,Youssef Soliman,youssef.soliman492@realestate.eg,+201262712560,8,2020-10-09,0.05,Active
494,Sara Taha,sara.taha493@realestate.eg,+201578348259,9,2020-08-04,0.03,Active
495,Khaled Fahmy,khaled.fahmy494@realestate.eg,+201067969069,1,2023-11-19,0.04,Active
496,Mariam Taha,mariam.taha495@realestate.eg,+201529005419,16,2023-06-08,0.03,Active
497,Mona Soliman,mona.soliman496@realestate.eg,+201526456376,10,2020-12-19,0.03,Active
498,Mona Said,mona.said497@realestate.eg,+201536382333,1,2023-09-22,0.02,Active
499,Ali Khaled,ali.khaled498@realestate.eg,+201013837772,13,2021-01-22,0.01,Active
500,Hassan Rizk,hassan.rizk499@realestate.eg,+201050811205,12,2020-12-26,0.05,Active
501,Omar Rizk,omar.rizk500@realestate.eg,+201269641638,15,2021-02-27,0.04,Active
502,Sara Kamel,sara.kamel501@realestate.eg,+201533682645,11,2022-11-23,0.02,Active
503,Nour Emara,nour.emara502@realestate.eg,+201535718428,13,2021-10-22,0.02,Active
504,Mona Soliman,mona.soliman503@realestate.eg,+201123596339,12,2023-07-19,0.01,Active
505,Omar El-Masry,omar.el-masry504@realestate.eg,+201277881202,18,2022-07-11,0.01,Active
506,Mona Abbas,mona.abbas505@realestate.eg,+201587723796,14,2023-04-13,0.03,Inactive
507,Ibrahim Emara,ibrahim.emara506@realestate.eg,+201053853479,20,2021-11-10,0.03,Inactive
508,Nour Ibrahim,nour.ibrahim507@realestate.eg,+201049584145,11,2023-08-29,0.05,Inactive
509,Mona Emara,mona.emara508@realestate.eg,+201167881290,4,2021-07-17,0.04,Active
510,Ibrahim Amer,ibrahim.amer509@realestate.eg,+201594083286,4,2023-09-11,0.04,Inactive
511,Mohamed Fouad,mohamed.fouad510@realestate.eg,+201092732724,10,2023-05-08,0.03,Inactive
512,Dina Hassan,dina.hassan511@realestate.eg,+201065866059,5,2022-06-09,0.04,Active
513,Hassan El-Masry,hassan.el-masry512@realestate.eg,+201258982448,1,2022-10-29,0.02,Active
514,Hassan Fahmy,hassan.fahmy513@realestate.eg,+201045545195,4,2022-09-29,0.04,Active
515,Youssef Ghoneim,youssef.ghoneim514@realestate.eg,+201070203942,19,2023-12-18,0.02,Active
516,Ibrahim Mansour,ibrahim.mansour515@realestate.eg,+201158882157,2,2020-12-16,0.04,Active
517,Sara Mansour,sara.mansour516@realestate.eg,+201163746203,3,2020-03-09,0.02,Active
518,Mariam Fouad,mariam.fouad517@realestate.eg,+201183601706,15,2022-08-02,0.02,Active
519,Mahmoud Rizk,mahmoud.rizk518@realestate.eg,+201191401543,14,2021-11-21,0.02,Active
520,Mahmoud Said,mahmoud.said519@realestate.eg,+201276124767,10,2023-09-18,0.01,Active
521,Sara Amer,sara.amer520@realestate.eg,+201071352063,13,2022-03-09,0.01,Active
522,Aya Hassan,aya.hassan521@realestate.eg,+201597048867,3,2021-09-11,0.01,Active
523,Tarek El-Masry,tarek.el-masry522@realestate.eg,+201224039719,6,2021-02-27,0.04,Active
524,Aya Ali,aya.ali523@realestate.eg,+201059096838,7,2020-08-10,0.02,Inactive
525,Laila Badawy,laila.badawy524@realestate.eg,+201542269023,17,2023-02-27,0.02,Active
526,Mohamed Said,mohamed.said525@realestate.eg,+201524096474,10,2020-08-18,0.03,Active
527,Hana Amer,hana.amer526@realestate.eg,+201153132356,14,2020-06-05,0.03,Active
528,Laila Taha,laila.taha527@realestate.eg,+201511777172,7,2022-12-15,0.05,Inactive
529,Ali El-Masry,ali.el-masry528@realestate.eg,+201281114768,11,2023-06-04,0.05,Active
530,Aya Said,aya.said529@realestate.eg,+201271128998,20,2022-07-02,0.02,Active
531,Nour Ibrahim,nour.ibrahim530@realestate.eg,+201038817776,7,2021-01-23,0.04,Active
532,Mahmoud Fouad,mahmoud.fouad531@realestate.eg,+201561229487,2,2022-01-02,0.01,Active
533,Mahmoud Nassar,mahmoud.nassar532@realestate.eg,+201252837499,11,2020-10-27,0.02,Active
534,Nour Fahmy,nour.fahmy533@realestate.eg,+201012915779,1,2021-10-08,0.01,Active
535,Mahmoud Badawy,mahmoud.badawy534@realestate.eg,+201526310178,2,2023-02-03,0.05,Active
536,Nour Ghoneim,nour.ghoneim535@realestate.eg,+201272961292,17,2022-04-02,0.02,Active
537,Fatima Fouad,fatima.fouad536@realestate.eg,+201195151555,2,2020-12-23,0.02,Active
538,Hoda Nassar,hoda.nassar537@realestate.eg,+201015175337,13,2023-12-19,0.02,Active
539,Fatima Fahmy,fatima.fahmy538@realestate.eg,+201141485350,10,2023-06-04,0.01,Active
540,Ali Soliman,ali.soliman539@realestate.eg,+201566736370,11,2021-06-12,0.02,Active
541,Hassan Amer,hassan.amer540@realestate.eg,+201175488717,12,2020-10-27,0.04,Active
542,Fatima Ghoneim,fatima.ghoneim541@realestate.eg,+201054889061,19,2020-04-15,0.04,Inactive
543,Mahmoud Shalaby,mahmoud.shalaby542@realestate.eg,+201552057191,17,2023-11-26,0.03,Active
544,Tarek Kamel,tarek.kamel543@realestate.eg,+201147232418,18,2023-01-25,0.04,Active
545,Hana Rizk,hana.rizk544@realestate.eg,+201165703563,9,2021-01-11,0.02,Active
546,Youssef Amer,youssef.amer545@realestate.eg,+201120785848,11,2023-10-28,0.02,Active
547,Mahmoud Said,mahmoud.said546@realestate.eg,+201117284903,12,2022-04-01,0.02,Active
548,Ahmed Mansour,ahmed.mansour547@realestate.eg,+201242612350,11,2023-05-22,0.02,Active
549,Mona Mansour,mona.mansour548@realestate.eg,+201011621774,17,2020-10-10,0.03,Active
550,Ali Mansour,ali.mansour549@realestate.eg,+201163347083,11,2021-05-18,0.04,Active
551,Hana Rizk,hana.rizk550@realestate.eg,+201143265795,16,2022-10-18,0.02,Inactive
552,Tarek Ali,tarek.ali551@realestate.eg,+201547941417,17,2022-09-13,0.03,Active
553,Omar El-Masry,omar.el-masry552@realestate.eg,+201075093177,18,2022-06-07,0.03,Active
554,Aya Taha,aya.taha553@realestate.eg,+201550605272,8,2021-10-17,0.03,Active
555,Hassan Said,hassan.said554@realestate.eg,+201277876995,4,2021-03-08,0.03,Active
556,Mahmoud Kamel,mahmoud.kamel555@realestate.eg,+201512060227,5,2020-06-10,0.01,Active
557,Dina Rizk,dina.rizk556@realestate.eg,+201284810207,15,2022-02-18,0.05,Active
558,Nour El-Masry,nour.el-masry557@realestate.eg,+201058375819,14,2023-05-27,0.02,Active
559,Ali Shalaby,ali.shalaby558@realestate.eg,+201261837013,1,2021-05-15,0.01,Active
560,Tarek Rizk,tarek.rizk559@realestate.eg,+201011290832,1,2020-11-27,0.04,Active
561,Mariam Emara,mariam.emara560@realestate.eg,+201284772860,12,2023-08-28,0.05,Active
562,Sara Mansour,sara.mansour561@realestate.eg,+201573896066,17,2021-06-15,0.02,Active
563,Tarek Ghoneim,tarek.ghoneim562@realestate.eg,+201556446963,4,2022-09-05,0.04,Inactive
564,Hoda Emara,hoda.emara563@realestate.eg,+201189993537,11,2022-07-17,0.01,Active
565,Hoda Soliman,hoda.soliman564@realestate.eg,+201126280173,6,2023-02-02,0.04,Active
566,Hassan Fahmy,hassan.fahmy565@realestate.eg,+201012569259,11,2023-06-06,0.02,Active
567,Tarek Ibrahim,tarek.ibrahim566@realestate.eg,+201274665700,12,2021-12-25,0.05,Active
568,Hana Hassan,hana.hassan567@realestate.eg,+201039847671,4,2023-10-18,0.03,Active
569,Tarek Fahmy,tarek.fahmy568@realestate.eg,+201061750770,16,2023-10-17,0.03,Active
570,Hoda Ali,hoda.ali569@realestate.eg,+201575469741,17,2021-04-15,0.01,Active
571,Mohamed Fahmy,mohamed.fahmy570@realestate.eg,+201522408584,6,2023-05-21,0.02,Inactive
572,Mona Taha,mona.taha571@realestate.eg,+201199847961,13,2021-11-05,0.01,Active
573,Fatima Kamel,fatima.kamel572@realestate.eg,+201086364672,19,2022-10-20,0.04,Active
574,Omar Amer,omar.amer573@realestate.eg,+201577995171,11,2022-07-07,0.02,Active
575,Hana Ghoneim,hana.ghoneim574@realestate.eg,+201188193246,20,2022-10-01,0.03,Active
576,Aya Ali,aya.ali575@realestate.eg,+201097368676,1,2023-10-05,0.03,Active
577,Mona Said,mona.said576@realestate.eg,+201142735061,9,2021-06-09,0.04,Active
578,Hana Said,hana.said577@realestate.eg,+201223267806,11,2022-07-06,0.04,Active
579,Mahmoud Soliman,mahmoud.soliman578@realestate.eg,+201586886905,7,2023-10-23,0.04,Active
580,Nour Ali,nour.ali579@realestate.eg,+201256013571,17,2023-04-08,0.04,Active
581,Ahmed Khaled,ahmed.khaled580@realestate.eg,+201053156915,16,2023-06-11,0.02,Active
582,Mariam Fouad,mariam.fouad581@realestate.eg,+201125861702,12,2021-03-28,0.04,Active
583,Mohamed Amer,mohamed.amer582@realestate.eg,+201139665673,19,2022-05-18,0.05,Active
584,Ali El-Masry,ali.el-masry583@realestate.eg,+201277423885,18,2021-07-26,0.03,Active
585,Ibrahim Amer,ibrahim.amer584@realestate.eg,+201028568014,5,2021-11-17,0.04,Inactive
586,Dina Fahmy,dina.fahmy585@realestate.eg,+201542542348,11,2022-08-27,0.02,Active
587,Mariam El-Masry,mariam.el-masry586@realestate.eg,+201185299864,2,2023-02-08,0.05,Active
588,Sara Mansour,sara.mansour587@realestate.eg,+201124473776,13,2022-03-06,0.02,Active
589,Ali Shalaby,ali.shalaby588@realestate.eg,+201262392320,3,2020-06-29,0.03,Active
590,Aya Soliman,aya.soliman589@realestate.eg,+201222682974,7,2021-04-27,0.02,Active
591,Fatima Ibrahim,fatima.ibrahim590@realestate.eg,+201040271629,15,2022-11-30,0.04,Active
592,Hana Abbas,hana.abbas591@realestate.eg,+201056479043,2,2021-08-20,0.03,Active
593,Mona Fahmy,mona.fahmy592@realestate.eg,+201021852684,20,2022-10-04,0.03,Inactive
594,Dina Soliman,dina.soliman593@realestate.eg,+201099826445,10,2020-07-25,0.04,Active
595,Mohamed Soliman,mohamed.soliman594@realestate.eg,+201239970800,17,2022-05-10,0.04,Active
596,Hoda Abbas,hoda.abbas595@realestate.eg,+201510239008,3,2020-05-19,0.02,Active
597,Youssef Shalaby,youssef.shalaby596@realestate.eg,+201597514308,5,2022-02-22,0.05,Active
598,Dina Mansour,dina.mansour597@realestate.eg,+201195769572,8,2020-01-04,0.04,Active
599,Nour Fahmy,nour.fahmy598@realestate.eg,+201252583217,18,2022-03-04,0.03,Active
600,Omar Ghoneim,omar.ghoneim599@realestate.eg,+201233163955,14,2022-03-28,0.05,Active
601,Nour Fahmy,nour.fahmy600@realestate.eg,+201135208704,5,2023-06-22,0.03,Active
602,Mariam Khaled,mariam.khaled601@realestate.eg,+201035400682,20,2022-07-08,0.01,Active
603,Mona Said,mona.said602@realestate.eg,+201040369796,11,2022-07-20,0.02,Active
604,Mariam Hassan,mariam.hassan603@realestate.eg,+201561071962,15,2020-12-06,0.03,Active
605,Sara Shalaby,sara.shalaby604@realestate.eg,+201184420325,2,2023-12-06,0.03,Inactive
606,Mahmoud Taha,mahmoud.taha605@realestate.eg,+201258967564,10,2022-08-02,0.04,Active
607,Nour Ali,nour.ali606@realestate.eg,+201545350333,16,2023-03-06,0.02,Active
608,Hoda Hassan,hoda.hassan607@realestate.eg,+201294317303,17,2022-07-13,0.03,Active
609,Mohamed Fouad,mohamed.fouad608@realestate.eg,+201583164489,5,2023-07-31,0.04,Active
610,Omar Amer,omar.amer609@realestate.eg,+201269124412,11,2022-12-07,0.03,Active
611,Hoda Amer,hoda.amer610@realestate.eg,+201135099554,9,2023-06-06,0.02,Inactive
612,Ali Said,ali.said611@realestate.eg,+201049970441,13,2022-04-22,0.02,Active
613,Mahmoud Mansour,mahmoud.mansour612@realestate.eg,+201267586627,8,2023-10-31,0.04,Active
614,Omar Khaled,omar.khaled613@realestate.eg,+201060725324,18,2021-03-05,0.03,Active
615,Khaled Emara,khaled.emara614@realestate.eg,+201216901308,9,2023-03-05,0.03,Active
616,Hassan Shalaby,hassan.shalaby615@realestate.eg,+201031682054,13,2022-02-15,0.05,Active
617,Fatima Ali,fatima.ali616@realestate.eg,+201023685277,1,2023-11-12,0.02,Active
618,Hoda Ibrahim,hoda.ibrahim617@realestate.eg,+201092585918,13,2020-01-05,0.04,Active
619,Laila Kamel,laila.kamel618@realestate.eg,+201225823886,19,2021-07-22,0.04,Active
620,Ibrahim Amer,ibrahim.amer619@realestate.eg,+201266811390,11,2020-11-13,0.04,Active
621,Ahmed Said,ahmed.said620@realestate.eg,+201597942269,11,2023-01-24,0.03,Active
622,Hana Khaled,hana.khaled621@realestate.eg,+201069725744,9,2020-02-04,0.03,Active
623,Nour Ibrahim,nour.ibrahim622@realestate.eg,+201539826603,5,2021-07-04,0.02,Active
624,Hoda Hassan,hoda.hassan623@realestate.eg,+201061849175,17,2023-06-17,0.05,Active
625,Hassan Abbas,hassan.abbas624@realestate.eg,+201186011702,14,2023-05-29,0.04,Active
626,Ali Abbas,ali.abbas625@realestate.eg,+201553686203,12,2022-11-18,0.05,Active
627,Nour Abbas,nour.abbas626@realestate.eg,+201082625138,14,2023-05-22,0.04,Active
628,Mona Badawy,mona.badawy627@realestate.eg,+201180826437,9,2020-11-08,0.02,Active
629,Ali Kamel,ali.kamel628@realestate.eg,+201176499057,1,2022-11-01,0.04,Active
630,Sara Taha,sara.taha629@realestate.eg,+201032942363,10,2021-05-19,0.04,Active
631,Mariam El-Masry,mariam.el-masry630@realestate.eg,+201093397456,5,2020-09-02,0.02,Active
632,Hoda Nassar,hoda.nassar631@realestate.eg,+201249862479,19,2021-05-18,0.05,Active
633,Ahmed Mansour,ahmed.mansour632@realestate.eg,+201099822964,18,2022-02-26,0.05,Inactive
634,Laila Shalaby,laila.shalaby633@realestate.eg,+201271289773,19,2023-10-05,0.04,Active
635,Omar Abbas,omar.abbas634@realestate.eg,+201548981814,10,2021-07-24,0.04,Inactive
636,Omar Fouad,omar.fouad635@realestate.eg,+201179372403,10,2021-12-22,0.02,Active
637,Youssef Fahmy,youssef.fahmy636@realestate.eg,+201042223569,10,2022-04-01,0.04,Active
638,Mariam El-Masry,mariam.el-masry637@realestate.eg,+201529454733,5,2023-06-23,0.01,Active
639,Ali Taha,ali.taha638@realestate.eg,+201230677859,12,2021-04-02,0.04,Active
640,Hassan Badawy,hassan.badawy639@realestate.eg,+201591932772,15,2023-04-05,0.02,Active
641,Mahmoud Shalaby,mahmoud.shalaby640@realestate.eg,+201240756143,2,2021-05-15,0.01,Active
642,Nour Hassan,nour.hassan641@realestate.eg,+201566605881,19,2021-09-12,0.01,Active
643,Ali Hassan,ali.hassan642@realestate.eg,+201276752136,7,2023-03-15,0.03,Active
644,Hassan Emara,hassan.emara643@realestate.eg,+201575043982,2,2023-08-14,0.02,Active
645,Youssef Hassan,youssef.hassan644@realestate.eg,+201572493456,9,2023-09-26,0.02,Active
646,Dina Amer,dina.amer645@realestate.eg,+201555257908,19,2023-04-03,0.05,Active
647,Mohamed Taha,mohamed.taha646@realestate.eg,+201019442674,19,2020-01-28,0.03,Active
648,Ahmed Amer,ahmed.amer647@realestate.eg,+201096038601,11,2020-08-20,0.01,Active
649,Khaled Taha,khaled.taha648@realestate.eg,+201189709159,16,2021-10-08,0.05,Active
650,Hana Abbas,hana.abbas649@realestate.eg,+201237592101,14,2021-11-14,0.03,Active
651,Hoda Soliman,hoda.soliman650@realestate.eg,+201576670235,19,2022-12-02,0.04,Active
652,Aya Amer,aya.amer651@realestate.eg,+201198551850,13,2021-08-13,0.05,Active
653,Dina Abbas,dina.abbas652@realestate.eg,+201191499306,11,2023-11-23,0.04,Inactive
654,Fatima Ghoneim,fatima.ghoneim653@realestate.eg,+201199573102,15,2022-07-16,0.02,Active
655,Mariam Rizk,mariam.rizk654@realestate.eg,+201022588360,7,2023-09-22,0.01,Inactive
656,Fatima Fahmy,fatima.fahmy655@realestate.eg,+201177178530,20,2023-07-28,0.02,Active
657,Mohamed Soliman,mohamed.soliman656@realestate.eg,+201059438742,4,2021-06-05,0.02,Active
658,Hana Said,hana.said657@realestate.eg,+201555522681,19,2023-04-28,0.04,Active
659,Dina El-Masry,dina.el-masry658@realestate.eg,+201073693094,5,2020-02-15,0.05,Active
660,Mohamed Mansour,mohamed.mansour659@realestate.eg,+201137176126,6,2021-01-20,0.02,Active
661,Sara Abbas,sara.abbas660@realestate.eg,+201018882155,18,2021-12-30,0.04,Active
662,Omar Rizk,omar.rizk661@realestate.eg,+201161750729,19,2023-10-21,0.02,Active
663,Fatima Abbas,fatima.abbas662@realestate.eg,+201262829031,5,2020-09-23,0.04,Active
664,Mariam Emara,mariam.emara663@realestate.eg,+201051839642,8,2021-09-26,0.04,Active
665,Dina Fahmy,dina.fahmy664@realestate.eg,+201211497012,4,2021-07-28,0.03,Active
666,Mariam Kamel,mariam.kamel665@realestate.eg,+201279815317,17,2022-10-18,0.03,Active
667,Aya Khaled,aya.khaled666@realestate.eg,+201030698241,9,2023-03-30,0.02,Active
668,Mohamed Rizk,mohamed.rizk667@realestate.eg,+201556824215,5,2023-01-20,0.03,Active
669,Khaled Rizk,khaled.rizk668@realestate.eg,+201178580704,8,2020-11-16,0.02,Active
670,Mona Fouad,mona.fouad669@realestate.eg,+201598150648,15,2021-11-01,0.02,Active
671,Hassan Ghoneim,hassan.ghoneim670@realestate.eg,+201016522338,19,2022-06-22,0.05,Active
672,Ali Fouad,ali.fouad671@realestate.eg,+201182764418,13,2020-03-13,0.05,Active
673,Dina Khaled,dina.khaled672@realestate.eg,+201218486310,13,2022-08-07,0.02,Active
674,Dina Soliman,dina.soliman673@realestate.eg,+201226449582,16,2020-08-14,0.05,Active
675,Ali Khaled,ali.khaled674@realestate.eg,+201268920335,12,2023-09-30,0.02,Active
676,Youssef Badawy,youssef.badawy675@realestate.eg,+201245590013,3,2023-04-12,0.05,Active
677,Khaled Fouad,khaled.fouad676@realestate.eg,+201075561371,18,2020-08-16,0.04,Active
678,Dina Khaled,dina.khaled677@realestate.eg,+201081503282,12,2022-07-26,0.01,Active
679,Mariam Badawy,mariam.badawy678@realestate.eg,+201117071322,10,2022-11-12,0.04,Active
680,Omar El-Masry,omar.el-masry679@realestate.eg,+201029107937,2,2021-06-16,0.03,Active
681,Mona Kamel,mona.kamel680@realestate.eg,+201057832613,16,2021-03-02,0.04,Active
682,Mohamed Kamel,mohamed.kamel681@realestate.eg,+201165501919,1,2021-01-03,0.03,Active
683,Nour Ghoneim,nour.ghoneim682@realestate.eg,+201138215102,13,2021-05-05,0.03,Active
684,Omar Shalaby,omar.shalaby683@realestate.eg,+201057229080,17,2023-03-19,0.01,Active
685,Nour Said,nour.said684@realestate.eg,+201072536225,19,2023-01-16,0.02,Inactive
686,Ibrahim Shalaby,ibrahim.shalaby685@realestate.eg,+201081837036,14,2020-06-24,0.05,Active
687,Ahmed Shalaby,ahmed.shalaby686@realestate.eg,+201561605280,6,2023-05-19,0.01,Active
688,Mariam Mansour,mariam.mansour687@realestate.eg,+201132110268,2,2022-09-04,0.04,Inactive
689,Sara El-Masry,sara.el-masry688@realestate.eg,+201082514579,2,2021-09-12,0.03,Active
690,Fatima Said,fatima.said689@realestate.eg,+201223065916,5,2021-02-11,0.05,Active
691,Hana Khaled,hana.khaled690@realestate.eg,+201064370074,17,2023-05-02,0.01,Active
692,Hoda Fahmy,hoda.fahmy691@realestate.eg,+201174810998,2,2021-03-23,0.03,Active
693,Dina Said,dina.said692@realestate.eg,+201598545278,20,2022-07-28,0.04,Active
694,Fatima Mansour,fatima.mansour693@realestate.eg,+201199763521,20,2023-09-03,0.02,Active
695,Mona Fahmy,mona.fahmy694@realestate.eg,+201512169397,9,2021-08-27,0.01,Active
696,Aya Mansour,aya.mansour695@realestate.eg,+201012480026,19,2023-02-06,0.02,Active
697,Ahmed Hassan,ahmed.hassan696@realestate.eg,+201038338591,3,2023-06-27,0.03,Active
698,Fatima Kamel,fatima.kamel697@realestate.eg,+201192342201,17,2023-11-30,0.04,Inactive
699,Tarek Soliman,tarek.soliman698@realestate.eg,+201289005178,20,2022-10-15,0.05,Active
700,Fatima El-Masry,fatima.el-masry699@realestate.eg,+201124543022,11,2023-01-25,0.03,Active
701,Ibrahim Soliman,ibrahim.soliman700@realestate.eg,+201230284144,4,2020-08-09,0.05,Active
702,Youssef Kamel,youssef.kamel701@realestate.eg,+201116368173,14,2022-03-16,0.03,Active
703,Youssef Rizk,youssef.rizk702@realestate.eg,+201212087607,9,2023-11-06,0.01,Active
704,Sara Rizk,sara.rizk703@realestate.eg,+201082380774,4,2020-03-20,0.04,Active
705,Dina Kamel,dina.kamel704@realestate.eg,+201514708408,19,2022-03-06,0.02,Active
706,Ibrahim Ibrahim,ibrahim.ibrahim705@realestate.eg,+201532249289,11,2021-08-06,0.03,Active
707,Laila Nassar,laila.nassar706@realestate.eg,+201564995709,20,2022-04-10,0.01,Active
708,Sara Badawy,sara.badawy707@realestate.eg,+201170728141,11,2020-08-24,0.02,Active
709,Mariam Khaled,mariam.khaled708@realestate.eg,+201133930282,1,2020-11-20,0.02,Active
710,Aya Nassar,aya.nassar709@realestate.eg,+201270623347,20,2021-06-11,0.05,Active
711,Hana Mansour,hana.mansour710@realestate.eg,+201134914859,15,2023-05-27,0.03,Active
712,Ahmed Soliman,ahmed.soliman711@realestate.eg,+201264542766,1,2021-09-08,0.03,Active
713,Mariam Hassan,mariam.hassan712@realestate.eg,+201251850765,7,2020-07-12,0.02,Active
714,Ahmed Badawy,ahmed.badawy713@realestate.eg,+201167980111,4,2023-12-01,0.04,Active
715,Khaled Badawy,khaled.badawy714@realestate.eg,+201148197353,18,2023-03-11,0.05,Active
716,Nour Hassan,nour.hassan715@realestate.eg,+201054319191,19,2021-06-29,0.04,Active
717,Ali Ibrahim,ali.ibrahim716@realestate.eg,+201583738291,13,2023-05-09,0.03,Active
718,Mona Fahmy,mona.fahmy717@realestate.eg,+201060707721,11,2023-09-15,0.04,Active
719,Mariam Ghoneim,mariam.ghoneim718@realestate.eg,+201220889531,11,2022-09-26,0.02,Active
720,Mohamed Mansour,mohamed.mansour719@realestate.eg,+201119807337,14,2023-10-27,0.05,Active
721,Khaled Shalaby,khaled.shalaby720@realestate.eg,+201053871931,6,2021-05-24,0.02,Inactive
722,Nour Ghoneim,nour.ghoneim721@realestate.eg,+201080069738,9,2020-09-22,0.02,Inactive
723,Sara Ghoneim,sara.ghoneim722@realestate.eg,+201011426227,16,2020-11-27,0.04,Active
724,Mohamed Amer,mohamed.amer723@realestate.eg,+201072510166,16,2023-03-29,0.03,Active
725,Mahmoud Taha,mahmoud.taha724@realestate.eg,+201555965773,5,2023-01-05,0.04,Inactive
726,Nour Fahmy,nour.fahmy725@realestate.eg,+201169081998,16,2022-01-11,0.02,Active
727,Ali Emara,ali.emara726@realestate.eg,+201246462729,19,2020-04-27,0.02,Inactive
728,Mohamed Nassar,mohamed.nassar727@realestate.eg,+201597409063,13,2021-06-07,0.05,Active
729,Mahmoud Ibrahim,mahmoud.ibrahim728@realestate.eg,+201219003378,14,2023-10-06,0.04,Active
730,Aya Khaled,aya.khaled729@realestate.eg,+201088897115,1,2021-12-29,0.02,Active
731,Sara Fahmy,sara.fahmy730@realestate.eg,+201098143023,14,2020-09-25,0.04,Active
732,Ibrahim Badawy,ibrahim.badawy731@realestate.eg,+201270701662,7,2020-04-03,0.05,Active
733,Nour Shalaby,nour.shalaby732@realestate.eg,+201190086871,15,2022-01-28,0.03,Inactive
734,Hassan Fouad,hassan.fouad733@realestate.eg,+201161076526,13,2021-04-15,0.02,Active
735,Youssef Taha,youssef.taha734@realestate.eg,+201011022663,11,2021-11-25,0.05,Active
736,Mariam Shalaby,mariam.shalaby735@realestate.eg,+201266850836,6,2023-06-18,0.02,Active
737,Laila Kamel,laila.kamel736@realestate.eg,+201195868836,4,2022-02-05,0.03,Active
738,Youssef Abbas,youssef.abbas737@realestate.eg,+201549673580,3,2020-05-05,0.03,Active
739,Hassan Ghoneim,hassan.ghoneim738@realestate.eg,+201252990788,13,2022-04-11,0.04,Inactive
740,Sara Fahmy,sara.fahmy739@realestate.eg,+201291775749,15,2020-01-03,0.01,Active
741,Omar Kamel,omar.kamel740@realestate.eg,+201140216212,20,2021-11-10,0.04,Active
742,Mohamed Khaled,mohamed.khaled741@realestate.eg,+201187335197,2,2020-11-28,0.01,Active
743,Hassan Fahmy,hassan.fahmy742@realestate.eg,+201271411035,10,2021-12-08,0.03,Active
744,Ahmed Mansour,ahmed.mansour743@realestate.eg,+201158800860,8,2022-10-22,0.03,Active
745,Tarek Kamel,tarek.kamel744@realestate.eg,+201224610935,4,2022-11-18,0.04,Inactive
746,Omar Said,omar.said745@realestate.eg,+201074513150,19,2020-11-04,0.05,Active
747,Hassan Fouad,hassan.fouad746@realestate.eg,+201031950297,19,2022-06-06,0.04,Active
748,Youssef Said,youssef.said747@realestate.eg,+201296474908,14,2021-07-10,0.01,Active
749,Hoda Emara,hoda.emara748@realestate.eg,+201059165392,19,2020-09-18,0.03,Active
750,Hassan Khaled,hassan.khaled749@realestate.eg,+201186677571,18,2023-07-19,0.04,Active
751,Mona Mansour,mona.mansour750@realestate.eg,+201095595160,17,2023-10-24,0.01,Active
752,Ali Kamel,ali.kamel751@realestate.eg,+201017945663,11,2021-06-06,0.04,Active
753,Hoda Taha,hoda.taha752@realestate.eg,+201180808369,17,2023-03-03,0.01,Active
754,Aya Badawy,aya.badawy753@realestate.eg,+201127486857,19,2022-09-30,0.04,Active
755,Sara Rizk,sara.rizk754@realestate.eg,+201520089812,1,2022-11-05,0.05,Active
756,Omar Taha,omar.taha755@realestate.eg,+201227123475,15,2023-04-15,0.04,Active
757,Tarek Ghoneim,tarek.ghoneim756@realestate.eg,+201149808381,3,2021-08-23,0.03,Active
758,Mahmoud Abbas,mahmoud.abbas757@realestate.eg,+201512911531,16,2023-09-19,0.01,Active
759,Tarek Ibrahim,tarek.ibrahim758@realestate.eg,+201245988823,5,2022-02-28,0.02,Active
760,Hoda Badawy,hoda.badawy759@realestate.eg,+201115760129,12,2021-03-26,0.02,Active
761,Ali Soliman,ali.soliman760@realestate.eg,+201266735239,14,2022-01-15,0.04,Active
762,Sara Said,sara.said761@realestate.eg,+201147263106,1,2020-03-25,0.02,Active
763,Mohamed Taha,mohamed.taha762@realestate.eg,+201579519003,10,2022-03-12,0.04,Active
764,Hoda Taha,hoda.taha763@realestate.eg,+201199290641,15,2021-05-23,0.02,Active
765,Hana Taha,hana.taha764@realestate.eg,+201179020738,12,2021-04-06,0.03,Active
766,Mahmoud Ali,mahmoud.ali765@realestate.eg,+201119629891,13,2023-01-15,0.02,Active
767,Hassan Badawy,hassan.badawy766@realestate.eg,+201252756484,16,2020-07-10,0.02,Active
768,Ahmed Mansour,ahmed.mansour767@realestate.eg,+201158152618,7,2020-03-24,0.04,Active
769,Ali Shalaby,ali.shalaby768@realestate.eg,+201213600517,2,2023-04-18,0.02,Active
770,Tarek Badawy,tarek.badawy769@realestate.eg,+201144024322,19,2023-11-27,0.04,Active
771,Ahmed Hassan,ahmed.hassan770@realestate.eg,+201562707335,17,2022-01-28,0.02,Active
772,Mohamed Badawy,mohamed.badawy771@realestate.eg,+201543848129,6,2021-12-10,0.04,Active
773,Hassan Taha,hassan.taha772@realestate.eg,+201296004714,20,2020-12-13,0.01,Active
774,Ali Badawy,ali.badawy773@realestate.eg,+201592038344,11,2023-07-30,0.01,Active
775,Dina Hassan,dina.hassan774@realestate.eg,+201241686259,3,2023-05-16,0.01,Active
776,Hana Amer,hana.amer775@realestate.eg,+201582059669,8,2020-11-22,0.02,Active
777,Ahmed Ghoneim,ahmed.ghoneim776@realestate.eg,+201514050296,15,2021-02-14,0.04,Active
778,Fatima Kamel,fatima.kamel777@realestate.eg,+201037793541,9,2020-12-26,0.02,Active
779,Ibrahim Soliman,ibrahim.soliman778@realestate.eg,+201199262572,12,2022-10-17,0.03,Active
780,Ali Fahmy,ali.fahmy779@realestate.eg,+201163057674,15,2022-09-18,0.01,Active
781,Nour Shalaby,nour.shalaby780@realestate.eg,+201038803743,16,2022-07-21,0.03,Active
782,Ibrahim Ibrahim,ibrahim.ibrahim781@realestate.eg,+201224723805,19,2020-02-09,0.02,Active
783,Mariam Said,mariam.said782@realestate.eg,+201169883523,14,2023-10-30,0.02,Active
784,Mariam Nassar,mariam.nassar783@realestate.eg,+201275668863,2,2022-12-31,0.04,Active
785,Dina Ghoneim,dina.ghoneim784@realestate.eg,+201122760089,13,2020-05-08,0.02,Active
786,Hoda Ali,hoda.ali785@realestate.eg,+201219547450,10,2021-09-06,0.03,Inactive
787,Khaled Badawy,khaled.badawy786@realestate.eg,+201115647582,8,2023-06-12,0.01,Active
788,Laila Said,laila.said787@realestate.eg,+201117176782,19,2023-04-04,0.03,Active
789,Omar Ghoneim,omar.ghoneim788@realestate.eg,+201527509270,2,2021-03-22,0.03,Active
790,Ibrahim Emara,ibrahim.emara789@realestate.eg,+201039508173,17,2023-07-02,0.01,Active
791,Mahmoud Said,mahmoud.said790@realestate.eg,+201067318668,4,2020-03-15,0.04,Active
792,Dina Soliman,dina.soliman791@realestate.eg,+201597945661,13,2023-04-08,0.01,Active
793,Mohamed Rizk,mohamed.rizk792@realestate.eg,+201257288313,15,2021-08-10,0.05,Active
794,Sara Badawy,sara.badawy793@realestate.eg,+201298763473,8,2023-02-18,0.04,Active
795,Ahmed Khaled,ahmed.khaled794@realestate.eg,+201248184343,16,2021-12-17,0.05,Active
796,Hoda Shalaby,hoda.shalaby795@realestate.eg,+201157059738,12,2020-07-27,0.01,Active
797,Mohamed Fahmy,mohamed.fahmy796@realestate.eg,+201570511850,5,2020-02-13,0.04,Active
798,Ahmed Taha,ahmed.taha797@realestate.eg,+201288561839,13,2021-03-23,0.02,Active
799,Youssef Taha,youssef.taha798@realestate.eg,+201249156694,3,2023-04-02,0.04,Active
800,Mahmoud Nassar,mahmoud.nassar799@realestate.eg,+201127268329,8,2022-08-23,0.02,Active
